26,9780415884846,A new environmental ethics the next millennium for life on Earth /
49,9780253356987,Secularism Soviet style teaching atheism and religion in a Volga republic /
87,9780415328678,How to read ethnography
206,9780191636561,Community and communication oratory and politics in republican Rome /
224,9780415881913,The cultural study of music a critical introduction /
234,9780415618854,Research methods in physical education and youth sport
261,9780415493376,Business and global governance
310,9789047427636,'You are a priest forever' Second Temple Jewish messianism and the priestly christology of the Epistle to the Hebrews /
365,9780199718924,The musical playground global tradition and change in children's songs and games /
461,9780230302242,Youth, multiculturalism and community cohesion
550,9780199796731,Islam and the fate of others the salvation question /
582,335213375,Studying at a distance : a guide for students /
660,9780415825405,The justices and injustices of ecosystem services
757,9783433603642,Computational methods for reinforced concrete structures
789,9780240817279,The game audio tutorial a practical guide to sound and music for interactive games /
894,9780750627245,Electrical machines and drives systems
923,9780415498067,An introduction to the geography of health
955,9780750627245,Electrical machines and drives systems
980,1447315618,Austerity bites a journey to the sharp end of cuts in the UK /
981,1447315618,Austerity bites a journey to the sharp end of cuts in the UK /
1028,9781306715294,Secret cables of the Comintern, 1933-1943
1091,9780857253682,Youth work ethics
1104,9780415427821,Human emotions a sociological theory /
1145,9780415544788,Routledge handbook of climate change and society
1179,9780415556491,The multiculturalism backlash European discourses, policies and practices /
1191,9780415484121,The Routledge doctoral student's companion getting to grips with research in education and the social sciences /
1220,9780415992039,Music in the horror film listening to fear /
1266,9780415487191,Shipping law
1273,9780415489454,Managing voluntary sport organisations
1277,9780415395083,Green development environment and sustainability in a developing world /
1280,9780415453882,Gender matters in global politics a feminist introduction to international relations /
1283,9780415418843,Africa today culture, economics, religion, security /
1298,9780415806060,Language curriculum design
1319,9780415284301,Museum texts communication frameworks /
1364,9780415775632,Gender and development
1378,9780415778428,International relations theory a critical introduction /
1384,9780415452038,Mental health social work in context
1496,9780199998159,Inventing Eden primitivism, millennialism and the making of New England /
1555,9780415557061,Leadership in organizations current issues and key trends /
1556,9781118572290,The SketchUp workflow for architecture modeling buildings, visualizing design, and creating construction documents with SketchUp Pro and LayOut /
1634,9780822393016,A social history of Iranian cinema
1635,9780822393016,A social history of Iranian cinema
1731,9781118179758,Effective project management traditional, agile, extreme /
1875,9780748669202,Gender, nation, and the Arabic novel Egypt 1892-2008 /
1902,9780230584419,The 'fat' female body
1918,9781139214148,How to succeed as a scientist from postdoc to professor /
1940,9780415374972,Global Englishes and transcultural flows
1942,9783866539174,Yearbook of private international law
1947,9781118701126,Essentials of veterinary ophthalmology
1952,9780203863619,Growing up with technology young children learning in a digital world /
2003,9780415433655,Postcolonialism and development
2173,9780203132517,Handbook of the London 2012 Olympic and Paralympic Games.
2180,9780203123386,Advanced theory and practice in sport marketing
2188,9780203126462,Global sport marketing contemporary issues and practice /
2203,9780415572873,Global design history
2223,9780822393016,A social history of Iranian cinema
2224,9780822393016,A social history of Iranian cinema
2225,9780415882323,Case studies in language curriculum design concepts and approaches in action around the world /
2270,9780415776448,Peacebuilding from concept to commission /
2311,9780415775823,Understanding the social world of the New Testament
2314,9781118343104,Ophthalmology lecture notes /
2315,9781118343104,Ophthalmology lecture notes /
2362,9781118121726,Wiley handbook of web surveys
2380,9780080568744,Wine science principles and applications /
2398,9781118343104,Ophthalmology lecture notes.
2408,9780080458038,Wine and society the social and cultural context of a drink /
2417,9780415387989,What is this thing called knowledge?
2461,9780415360371,Critical new perspectives on ADHD
2594,9780415324977,The Routledge companion to postcolonial studies
2608,9780415957526,Philosophy of language a contemporary introduction /
2640,9780415776462,International judicial institutions the architecture of international justice at home and abroad /
2649,9781405144896,Lecture notes on ophthalmology
2678,9780415425629,Security studies an introduction /
2723,9780415332750,Home
2762,9780415415286,Russian politics and society
2798,9780415538213,Place attachment advances in theory, methods and applications /
2811,9781844720729,Thinking through things theorising artefacts ethnographically /
2924,9780203121351,The zeronauts breaking the sustainability barrier /
3005,9781119943525,The eyes of the skin architecture and the senses /
3011,9781137305497,International organizations and internal conditionality making norms matter /
3012,9780203866221,Party politics in the Western Balkans
3042,9780415997904,Critical pedagogies of consumption living and learning in the shadow of the "shopocalypse" /
3046,9780805855777,Literacy and power
3066,9780415956673,Activist educators breaking past limits /
3117,9780415299336,Comedy
3131,9780415774505,Art and phenomenology
3133,9780415419222,Interpreting art in museums and galleries
3137,9780521129091,Conceptual revolutions in twentieth-century art
3145,9780415994491,The English language teacher in global civil society
3178,9780415418669,The behaviour and design of steel structures to EC3
3223,9780415395083,Green development environment and sustainability in a developing world /
3229,9780415580496,People power and political change key issues and concepts /
3243,9781783082384,EÃÅmile Durkheim and the collective consciousness of society a study in criminology /
3253,9780199344178,The captor's image Greek culture in Roman ecphrasis /
3258,9780262314442,Global interdependence, decoupling and recoupling
3304,9780199791682,The theology of Jonathan Edwards
3373,9780262319126,Production in the innovation economy
3398,9780745675350,YouTube online video and participatory culture /
3410,0822393808,Venceremos? the erotics of black self-making in Cuba /
3453,9781847064035,Mill a guide for the perplexed /
3461,9781449363901,Doing data science
3553,0-7314-0733-4,0 to Rich The Everyday Woman's Guide to Getting Wealthy
3613,9780203816622,Derrida for Architects
3687,9780313345012,The complete guide to national symbols and emblems
3742,0-19-873526-X,Arms Races in International Politics
3767,9781472456366,Islam and Christianity in medieval Anatolia
3786,1-4039-8991-5,The Feminization of Fame 1750-1830
3788,9780810870208,The prevenient piety of Samuel Wesley, Sr.
3834,9781441180384,Does religious education work? a multi-dimensional investigation /
3939,0-7020-4419-9,Ear, Nose and Throat and Head and Neck Surgery An Illustrated Colour Text
4063,9780199762729,Grand expectations the United States, 1945-1974 /
4121,9780226019567,The cooking of history how not to study Afro-Cuban religion /
4127,90-04-15024-2,Noble ideals and bloody realities : warfare in the middle ages
4221,9789004245921,Youth movements, trauma and alternative space in contemporary Japan
4270,9781409425809,Youth working with girls and women in community settings a feminist perspective /
4388,1-59718-047-5,The workflow of data analysis using Stata
